----
---- ATTENTION CE FICHIER EST GENERE AUTOMATIQUEMENT !
----

-- ===========================================================================================
--   Application Name	:	KleeContrib.Asta 
--   Script Name		:	05_init_data.sql
--   Description		:	Script d'insertion des données de références.
-- ===========================================================================================

/**		Initialisation de la table TYPE_DROITS		**/
INSERT INTO TYPE_DROITS(TDR_CODE, TDR_LIBELLE) VALUES('READ', 'Lecture');
INSERT INTO TYPE_DROITS(TDR_CODE, TDR_LIBELLE) VALUES('WRITE', 'Ecriture');
INSERT INTO TYPE_DROITS(TDR_CODE, TDR_LIBELLE) VALUES('ADMIN', 'Administration');

/**		Initialisation de la table DROITS		**/
INSERT INTO DROITS(DRO_CODE, DRO_LIBELLE, TDR_CODE) VALUES('CREATE', 'Création', 'WRITE');
INSERT INTO DROITS(DRO_CODE, DRO_LIBELLE, TDR_CODE) VALUES('READ', 'Lecture', 'READ');
INSERT INTO DROITS(DRO_CODE, DRO_LIBELLE, TDR_CODE) VALUES('UPDATE', 'Mise à jour', 'WRITE');
INSERT INTO DROITS(DRO_CODE, DRO_LIBELLE, TDR_CODE) VALUES('DELETE', 'Suppression', 'ADMIN');

/**		Initialisation de la table PROFILS		**/
INSERT INTO PROFILS(PRO_ID, PRO_LIBELLE, PRO_DATE_CREATION, PRO_DATE_MODIFICATION) VALUES(1, 'Profil 1', now(), null);
INSERT INTO PROFILS(PRO_ID, PRO_LIBELLE, PRO_DATE_CREATION, PRO_DATE_MODIFICATION) VALUES(2, 'Profil 2', now(), null);
INSERT INTO PROFILS(PRO_ID, PRO_LIBELLE, PRO_DATE_CREATION, PRO_DATE_MODIFICATION) VALUES(3, 'Profil 3', now(), null);
INSERT INTO PROFILS(PRO_ID, PRO_LIBELLE, PRO_DATE_CREATION, PRO_DATE_MODIFICATION) VALUES(4, 'Profil 4', now(), null);

/**		Initialisation de la table DROIT_PROFILS		**/
INSERT INTO DROIT_PROFILS(DRO_CODE, PRO_ID) VALUES('CREATE', 1);
INSERT INTO DROIT_PROFILS(DRO_CODE, PRO_ID) VALUES('READ', 2);
INSERT INTO DROIT_PROFILS(DRO_CODE, PRO_ID) VALUES('UPDATE', 3);
INSERT INTO DROIT_PROFILS(DRO_CODE, PRO_ID) VALUES('DELETE', 4);

/**		Initialisation de la table TYPE_UTILISATEURS		**/
INSERT INTO TYPE_UTILISATEURS(TUT_CODE, TUT_LIBELLE) VALUES('ADMIN', 'Administrateur');
INSERT INTO TYPE_UTILISATEURS(TUT_CODE, TUT_LIBELLE) VALUES('GEST', 'Gestionnaire');
INSERT INTO TYPE_UTILISATEURS(TUT_CODE, TUT_LIBELLE) VALUES('CLIENT', 'Client');

/**		Initialisation de la table UTILISATEURS		**/
INSERT INTO UTILISATEURS(UTI_ID, UTI_NOM, UTI_PRENOM, UTI_EMAIL, UTI_DATE_NAISSANCE, UTI_ADRESSE, UTI_ACTIF, PRO_ID, TUT_CODE, UTI_NOM_FICHIER_PHOTO, UTI_DATE_CREATION, UTI_DATE_MODIFICATION) VALUES(1, 'Jean', 'Michel', 'test1@test.com', null, null, true, 1, 'ADMIN', null, now(), null);
INSERT INTO UTILISATEURS(UTI_ID, UTI_NOM, UTI_PRENOM, UTI_EMAIL, UTI_DATE_NAISSANCE, UTI_ADRESSE, UTI_ACTIF, PRO_ID, TUT_CODE, UTI_NOM_FICHIER_PHOTO, UTI_DATE_CREATION, UTI_DATE_MODIFICATION) VALUES(2, 'Gerard', 'Jugnos', 'test2@test.com', null, null, true, 2, 'GEST', null, now(), null);
INSERT INTO UTILISATEURS(UTI_ID, UTI_NOM, UTI_PRENOM, UTI_EMAIL, UTI_DATE_NAISSANCE, UTI_ADRESSE, UTI_ACTIF, PRO_ID, TUT_CODE, UTI_NOM_FICHIER_PHOTO, UTI_DATE_CREATION, UTI_DATE_MODIFICATION) VALUES(3, 'Gad', 'El', 'test3@test.com', null, null, true, 3, 'CLIENT', null, now(), null);
INSERT INTO UTILISATEURS(UTI_ID, UTI_NOM, UTI_PRENOM, UTI_EMAIL, UTI_DATE_NAISSANCE, UTI_ADRESSE, UTI_ACTIF, PRO_ID, TUT_CODE, UTI_NOM_FICHIER_PHOTO, UTI_DATE_CREATION, UTI_DATE_MODIFICATION) VALUES(4, 'Bernard', 'Bruno', 'test4@test.com', null, null, true, 4, 'ADMIN', null, now(), null);
INSERT INTO UTILISATEURS(UTI_ID, UTI_NOM, UTI_PRENOM, UTI_EMAIL, UTI_DATE_NAISSANCE, UTI_ADRESSE, UTI_ACTIF, PRO_ID, TUT_CODE, UTI_NOM_FICHIER_PHOTO, UTI_DATE_CREATION, UTI_DATE_MODIFICATION) VALUES(5, 'Sisi', 'Brindacier', 'test5@test.com', null, null, true, 1, 'GEST', null, now(), null);
INSERT INTO UTILISATEURS(UTI_ID, UTI_NOM, UTI_PRENOM, UTI_EMAIL, UTI_DATE_NAISSANCE, UTI_ADRESSE, UTI_ACTIF, PRO_ID, TUT_CODE, UTI_NOM_FICHIER_PHOTO, UTI_DATE_CREATION, UTI_DATE_MODIFICATION) VALUES(6, 'Bibi', 'Baba', 'test6@test.com', null, null, true, 2, 'CLIENT', null, now(), null);
INSERT INTO UTILISATEURS(UTI_ID, UTI_NOM, UTI_PRENOM, UTI_EMAIL, UTI_DATE_NAISSANCE, UTI_ADRESSE, UTI_ACTIF, PRO_ID, TUT_CODE, UTI_NOM_FICHIER_PHOTO, UTI_DATE_CREATION, UTI_DATE_MODIFICATION) VALUES(7, 'Dédé', 'Dédé', 'test7@test.com', null, null, true, 3, 'GEST', null, now(), null);
INSERT INTO UTILISATEURS(UTI_ID, UTI_NOM, UTI_PRENOM, UTI_EMAIL, UTI_DATE_NAISSANCE, UTI_ADRESSE, UTI_ACTIF, PRO_ID, TUT_CODE, UTI_NOM_FICHIER_PHOTO, UTI_DATE_CREATION, UTI_DATE_MODIFICATION) VALUES(8, 'Ran', 'Tanplan', 'test8@test.com', null, null, true, 4, 'ADMIN', null, now(), null);
